{"cameraMode":{"drawMode":0,"name":"Shaded","section":"Shading Mode"},"sceneLighting":false,"audioPlay":false,"sceneViewState":{"showFog":true,"showMaterialUpdate":false,"showSkybox":false,"showFlares":true,"showImageEffects":true,"showParticleSystems":true},"in2DMode":false,"pivot":{"x":-2.237630844116211,"y":0.3307499885559082,"z":9.444037437438965},"rotation":{"x":-0.0231060478836298,"y":-0.014411586336791516,"z":0.00034242833498865366,"w":-0.9996654987335205},"size":34.24363708496094,"orthographic":false}