{"cameraMode":{"drawMode":0,"name":"Shaded","section":"Shading Mode"},"sceneLighting":true,"audioPlay":false,"sceneViewState":{"showFog":true,"showMaterialUpdate":false,"showSkybox":false,"showFlares":true,"showImageEffects":true,"showParticleSystems":true},"in2DMode":false,"pivot":{"x":-5.847032070159912,"y":4.0009870529174809,"z":0.18643474578857423},"rotation":{"x":-0.0231060478836298,"y":-0.014411586336791516,"z":0.00034242833498865366,"w":-0.9996654987335205},"size":7.71450662612915,"orthographic":false}