{"cameraMode":{"drawMode":0,"name":"Shaded","section":"Shading Mode"},"sceneLighting":true,"audioPlay":false,"sceneViewState":{"showFog":true,"showMaterialUpdate":false,"showSkybox":true,"showFlares":true,"showImageEffects":true,"showParticleSystems":true},"in2DMode":false,"pivot":{"x":0.10849813371896744,"y":0.17338672280311585,"z":3.4216229915618898},"rotation":{"x":-0.008711692877113819,"y":-0.015619256533682347,"z":-0.000039287711842916906,"w":-0.9999197721481323},"size":3.9938790798187258,"orthographic":false}