{"cameraMode":{"drawMode":0,"name":"Shaded","section":"Shading Mode"},"sceneLighting":false,"audioPlay":false,"sceneViewState":{"showFog":true,"showMaterialUpdate":false,"showSkybox":false,"showFlares":true,"showImageEffects":true,"showParticleSystems":true},"in2DMode":false,"pivot":{"x":1.8214635848999024,"y":2.555732250213623,"z":0.3368816375732422},"rotation":{"x":-0.037741150707006457,"y":0.05602790787816048,"z":-0.002122224308550358,"w":-0.9977189898490906},"size":22.8771915435791,"orthographic":false}